Load,p_set,bus,carrier,type,q_set,sign
ABBA1-_load,0.1,ABBA1-,,,0.0,-1.0
AMUL1E_load,0.1,AMUL1E,,,0.0,-1.0
AMUL1F_load,0.1,AMUL1F,,,0.0,-1.0
AMUL1G_load,0.1,AMUL1G,,,0.0,-1.0
AMUL1H_load,0.1,AMUL1H,,,0.0,-1.0
BEAT4-_load,0.1,BEAT4-,,,0.0,-1.0
BEAU1J_load,0.1,BEAU1J,,,0.0,-1.0
BEAU1L_load,0.1,BEAU1L,,,0.0,-1.0
BEAU1M_load,0.1,BEAU1M,,,0.0,-1.0
BEAU1N_load,0.1,BEAU1N,,,0.0,-1.0
BEAU1R_load,0.1,BEAU1R,,,0.0,-1.0
BEAU1S_load,0.1,BEAU1S,,,0.0,-1.0
BEAU1T_load,0.1,BEAU1T,,,0.0,-1.0
BIHI1Q_load,0.1,BIHI1Q,,,0.0,-1.0
BIHI1R_load,0.1,BIHI1R,,,0.0,-1.0
BLHI1J_load,0.1,BLHI1J,,,0.0,-1.0
BLHI1K_load,0.1,BLHI1K,,,0.0,-1.0
BLHI2L_load,0.1,BLHI2L,,,0.0,-1.0
BLHI2M_load,0.1,BLHI2M,,,0.0,-1.0
BOAG1L_load,0.1,BOAG1L,,,0.0,-1.0
BOAG1M_load,0.1,BOAG1M,,,0.0,-1.0
BOAG1P_load,0.1,BOAG1P,,,0.0,-1.0
BONB2J_load,0.1,BONB2J,,,0.0,-1.0
BONB4-_load,0.1,BONB4-,,,0.0,-1.0
BREC1Q_load,0.1,BREC1Q,,,0.0,-1.0
BREC1R_load,0.1,BREC1R,,,0.0,-1.0
BROR1Q_load,0.1,BROR1Q,,,0.0,-1.0
CHAR1S_load,0.1,CHAR1S,,,0.0,-1.0
CHAR1T_load,0.1,CHAR1T,,,0.0,-1.0
CLUN1S_load,0.1,CLUN1S,,,0.0,-1.0
CLUN1T_load,0.1,CLUN1T,,,0.0,-1.0
COGA1C_load,0.1,COGA1C,,,0.0,-1.0
CONN1C_load,0.1,CONN1C,,,0.0,-1.0
CORI1K_load,0.1,CORI1K,,,0.0,-1.0
CORI1P_load,0.1,CORI1P,,,0.0,-1.0
CORI1Q_load,0.1,CORI1Q,,,0.0,-1.0
CRAI1P_load,0.1,CRAI1P,,,0.0,-1.0
CRAI1R_load,0.1,CRAI1R,,,0.0,-1.0
CREA1A_load,0.1,CREA1A,,,0.0,-1.0
CRSS1Q_load,0.1,CRSS1Q,,,0.0,-1.0
CRSS1R_load,0.1,CRSS1R,,,0.0,-1.0
CRSS2C_load,0.1,CRSS2C,,,0.0,-1.0
CRSS2D_load,0.1,CRSS2D,,,0.0,-1.0
DENS1Q_load,0.1,DENS1Q,,,0.0,-1.0
DENS1R_load,0.1,DENS1R,,,0.0,-1.0
DLCH1B_load,0.1,DLCH1B,,,0.0,-1.0
DUCC1J_load,0.1,DUCC1J,,,0.0,-1.0
DUCC1K_load,0.1,DUCC1K,,,0.0,-1.0
DUNM1C_load,0.1,DUNM1C,,,0.0,-1.0
DYCE1J_load,0.1,DYCE1J,,,0.0,-1.0
DYCE1T_load,0.1,DYCE1T,,,0.0,-1.0
DYCE1U_load,0.1,DYCE1U,,,0.0,-1.0
ELGI1L_load,0.1,ELGI1L,,,0.0,-1.0
ELGI1M_load,0.1,ELGI1M,,,0.0,-1.0
ERRO1A_load,0.1,ERRO1A,,,0.0,-1.0
ERRO1B_load,0.1,ERRO1B,,,0.0,-1.0
FAUG1-_load,0.1,FAUG1-,,,0.0,-1.0
FAUG1J_load,0.1,FAUG1J,,,0.0,-1.0
FAUG1K_load,0.1,FAUG1K,,,0.0,-1.0
FAUG1M_load,0.1,FAUG1M,,,0.0,-1.0
FAUG1N_load,0.1,FAUG1N,,,0.0,-1.0
FAUG1P_load,0.1,FAUG1P,,,0.0,-1.0
FERO1S_load,0.1,FERO1S,,,0.0,-1.0
FETT2P_load,0.1,FETT2P,,,0.0,-1.0
FETT2Q_load,0.1,FETT2Q,,,0.0,-1.0
FIDD1B_load,0.1,FIDD1B,,,0.0,-1.0
FOFO2-_load,0.1,FOFO2-,,,0.0,-1.0
FOGG1Q_load,0.1,FOGG1Q,,,0.0,-1.0
FOGG1R_load,0.1,FOGG1R,,,0.0,-1.0
FOYE2-_load,0.1,FOYE2-,,,0.0,-1.0
FYRI1J_load,0.1,FYRI1J,,,0.0,-1.0
GARB1Q_load,0.1,GARB1Q,,,0.0,-1.0
GARB1R_load,0.1,GARB1R,,,0.0,-1.0
GARB1S_load,0.1,GARB1S,,,0.0,-1.0
GARB1T_load,0.1,GARB1T,,,0.0,-1.0
GLRB2-_load,0.1,GLRB2-,,,0.0,-1.0
INNE1Q_load,0.1,INNE1Q,,,0.0,-1.0
INNE1R_load,0.1,INNE1R,,,0.0,-1.0
INRU1Q_load,0.1,INRU1Q,,,0.0,-1.0
INRU1R_load,0.1,INRU1R,,,0.0,-1.0
INRU1S_load,0.1,INRU1S,,,0.0,-1.0
INVE1J_load,0.1,INVE1J,,,0.0,-1.0
INVE1K_load,0.1,INVE1K,,,0.0,-1.0
INVR1-_load,0.1,INVR1-,,,0.0,-1.0
INVR1A_load,0.1,INVR1A,,,0.0,-1.0
INVR1B_load,0.1,INVR1B,,,0.0,-1.0
INVR1C_load,0.1,INVR1C,,,0.0,-1.0
INVR1D_load,0.1,INVR1D,,,0.0,-1.0
KEIT1J_load,0.1,KEIT1J,,,0.0,-1.0
KEIT1K_load,0.1,KEIT1K,,,0.0,-1.0
KEIT3-_load,0.1,KEIT3-,,,0.0,-1.0
KILC1Q_load,0.1,KILC1Q,,,0.0,-1.0
KINB2K_load,0.1,KINB2K,,,0.0,-1.0
KNOC2N_load,0.1,KNOC2N,,,0.0,-1.0
KNOC2P_load,0.1,KNOC2P,,,0.0,-1.0
LAGG1R_load,0.1,LAGG1R,,,0.0,-1.0
LOCB1J_load,0.1,LOCB1J,,,0.0,-1.0
LOCB1K_load,0.1,LOCB1K,,,0.0,-1.0
LOCL1S_load,0.1,LOCL1S,,,0.0,-1.0
LUMB1Q_load,0.1,LUMB1Q,,,0.0,-1.0
LUMB1R_load,0.1,LUMB1R,,,0.0,-1.0
MELG1J_load,0.1,MELG1J,,,0.0,-1.0
MILC1T_load,0.1,MILC1T,,,0.0,-1.0
MORF2-_load,0.1,MORF2-,,,0.0,-1.0
MOTA1Q_load,0.1,MOTA1Q,,,0.0,-1.0
MOTA1R_load,0.1,MOTA1R,,,0.0,-1.0
MYBS1Q_load,0.1,MYBS1Q,,,0.0,-1.0
MYBS1R_load,0.1,MYBS1R,,,0.0,-1.0
MYBS3M_load,0.1,MYBS3M,,,0.0,-1.0
NEDE2J_load,0.1,NEDE2J,,,0.0,-1.0
NEDE2K_load,0.1,NEDE2K,,,0.0,-1.0
PEHE2T_load,0.1,PEHE2T,,,0.0,-1.0
PEHE2U_load,0.1,PEHE2U,,,0.0,-1.0
PEHE2V_load,0.1,PEHE2V,,,0.0,-1.0
PEHE2W_load,0.1,PEHE2W,,,0.0,-1.0
PEHEMEC1_load,0.1,PEHEMEC1,,,0.0,-1.0
PEHEMEC2_load,0.1,PEHEMEC2,,,0.0,-1.0
PEHEMEC3_load,0.1,PEHEMEC3,,,0.0,-1.0
PEHEMEC4_load,0.1,PEHEMEC4,,,0.0,-1.0
PEHEMEC5_load,0.1,PEHEMEC5,,,0.0,-1.0
PORA1Q_load,0.1,PORA1Q,,,0.0,-1.0
PORA1R_load,0.1,PORA1R,,,0.0,-1.0
SFEG1S_load,0.1,SFEG1S,,,0.0,-1.0
SFER1J_load,0.1,SFER1J,,,0.0,-1.0
SFER1K_load,0.1,SFER1K,,,0.0,-1.0
SFER1L_load,0.1,SFER1L,,,0.0,-1.0
SLKB1J_load,0.1,SLKB1J,,,0.0,-1.0
SLKB1K_load,0.1,SLKB1K,,,0.0,-1.0
SLOY1A_load,0.1,SLOY1A,,,0.0,-1.0
SLOY1B_load,0.1,SLOY1B,,,0.0,-1.0
SLOY1C_load,0.1,SLOY1C,,,0.0,-1.0
SLOY1D_load,0.1,SLOY1D,,,0.0,-1.0
SLOY1E_load,0.1,SLOY1E,,,0.0,-1.0
SLOY1F_load,0.1,SLOY1F,,,0.0,-1.0
SLOY1J_load,0.1,SLOY1J,,,0.0,-1.0
TOMT1J_load,0.1,TOMT1J,,,0.0,-1.0
TOMT1K_load,0.1,TOMT1K,,,0.0,-1.0
WHIB1A_load,0.1,WHIB1A,,,0.0,-1.0
WHIB1B_load,0.1,WHIB1B,,,0.0,-1.0
WHIB1C_load,0.1,WHIB1C,,,0.0,-1.0
WHIB1D_load,0.1,WHIB1D,,,0.0,-1.0
WHIB1E_load,0.1,WHIB1E,,,0.0,-1.0
WHIB1F_load,0.1,WHIB1F,,,0.0,-1.0
AREC3-_load,0.1,AREC3-,,,0.0,-1.0
AUCH2-_load,0.1,AUCH2-,,,0.0,-1.0
AUCW1-_load,0.1,AUCW1-,,,0.0,-1.0
BLCW3-_load,0.1,BLCW3-,,,0.0,-1.0
BUSB2-_load,0.1,BUSB2-,,,0.0,-1.0
CCSS3-_load,0.1,CCSS3-,,,0.0,-1.0
CLYS3B_load,0.1,CLYS3B,,,0.0,-1.0
COAL1-_load,0.1,COAL1-,,,0.0,-1.0
COAL1A_load,0.1,COAL1A,,,0.0,-1.0
COYT1T_load,0.1,COYT1T,,,0.0,-1.0
COYW2S_load,0.1,COYW2S,,,0.0,-1.0
COYW2T_load,0.1,COYW2T,,,0.0,-1.0
CRDY3A_load,0.1,CRDY3A,,,0.0,-1.0
CRDY3B_load,0.1,CRDY3B,,,0.0,-1.0
CRUA2Q_load,0.1,CRUA2Q,,,0.0,-1.0
CRUA2R_load,0.1,CRUA2R,,,0.0,-1.0
CRYR1A_load,0.1,CRYR1A,,,0.0,-1.0
DALL2-_load,0.1,DALL2-,,,0.0,-1.0
DONO1-_load,0.1,DONO1-,,,0.0,-1.0
DUNE3-_load,0.1,DUNE3-,,,0.0,-1.0
DUNH1Q_load,0.1,DUNH1Q,,,0.0,-1.0
DUNH1R_load,0.1,DUNH1R,,,0.0,-1.0
ECCL4C_load,0.1,ECCL4C,,,0.0,-1.0
ECCL4D_load,0.1,ECCL4D,,,0.0,-1.0
EKIL2Q_load,0.1,EKIL2Q,,,0.0,-1.0
EKIL2R_load,0.1,EKIL2R,,,0.0,-1.0
ESST1-_load,0.1,ESST1-,,,0.0,-1.0
ESST1Q_load,0.1,ESST1Q,,,0.0,-1.0
GARE1S_load,0.1,GARE1S,,,0.0,-1.0
GARE1T_load,0.1,GARE1T,,,0.0,-1.0
GLGL3-_load,0.1,GLGL3-,,,0.0,-1.0
GRMO3A_load,0.1,GRMO3A,,,0.0,-1.0
GRNA1-_load,0.1,GRNA1-,,,0.0,-1.0
HAKB4-_load,0.1,HAKB4-,,,0.0,-1.0
HARR3-_load,0.1,HARR3-,,,0.0,-1.0
HUCS4-_load,0.1,HUCS4-,,,0.0,-1.0
HUER1-_load,0.1,HUER1-,,,0.0,-1.0
HUNE4-_load,0.1,HUNE4-,,,0.0,-1.0
HUNN2A_load,0.1,HUNN2A,,,0.0,-1.0
HUNN2B_load,0.1,HUNN2B,,,0.0,-1.0
INVR2-_load,0.1,INVR2-,,,0.0,-1.0
INWI1Q_load,0.1,INWI1Q,,,0.0,-1.0
INWI1R_load,0.1,INWI1R,,,0.0,-1.0
JUNA1T_load,0.1,JUNA1T,,,0.0,-1.0
JUNB1-_load,0.1,JUNB1-,,,0.0,-1.0
KAIM3-_load,0.1,KAIM3-,,,0.0,-1.0
KILS1-_load,0.1,KILS1-,,,0.0,-1.0
KINB2J_load,0.1,KINB2J,,,0.0,-1.0
KINC2-_load,0.1,KINC2-,,,0.0,-1.0
LAMB2-_load,0.1,LAMB2-,,,0.0,-1.0
LAMB2T_load,0.1,LAMB2T,,,0.0,-1.0
LEVT1Q_load,0.1,LEVT1Q,,,0.0,-1.0
LEVT1R_load,0.1,LEVT1R,,,0.0,-1.0
LOAN2-_load,0.1,LOAN2-,,,0.0,-1.0
MAHI3-_load,0.1,MAHI3-,,,0.0,-1.0
MEAD1-_load,0.1,MEAD1-,,,0.0,-1.0
MINN3-_load,0.1,MINN3-,,,0.0,-1.0
NECU1-_load,0.1,NECU1-,,,0.0,-1.0
NEIL1-_load,0.1,NEIL1-,,,0.0,-1.0
PAIS1Q_load,0.1,PAIS1Q,,,0.0,-1.0
PAIS1R_load,0.1,PAIS1R,,,0.0,-1.0
SMEA4Q_load,0.1,SMEA4Q,,,0.0,-1.0
WFIB2-_load,0.1,WFIB2-,,,0.0,-1.0
WHTB1S_load,0.1,WHTB1S,,,0.0,-1.0
WHTB1T_load,0.1,WHTB1T,,,0.0,-1.0
BAGB21_load,0.1,BAGB21,,,0.0,-1.0
BRIN21_load,0.1,BRIN21,,,0.0,-1.0
BRIN22_load,0.1,BRIN22,,,0.0,-1.0
BULL41_load,0.1,BULL41,,,0.0,-1.0
CAMA11_load,0.1,CAMA11,,,0.0,-1.0
CAMA12_load,0.1,CAMA12,,,0.0,-1.0
CAPE1A_load,0.1,CAPE1A,,,0.0,-1.0
CAPE1B_load,0.1,CAPE1B,,,0.0,-1.0
CARR42_load,0.1,CARR42,,,0.0,-1.0
CHIC4A_load,0.1,CHIC4A,,,0.0,-1.0
CHIL41_load,0.1,CHIL41,,,0.0,-1.0
CHUE4A_load,0.1,CHUE4A,,,0.0,-1.0
CHUE4B_load,0.1,CHUE4B,,,0.0,-1.0
CILF2A_load,0.1,CILF2A,,,0.0,-1.0
CILF2B_load,0.1,CILF2B,,,0.0,-1.0
CLEH41_load,0.1,CLEH41,,,0.0,-1.0
COSO41_load,0.1,COSO41,,,0.0,-1.0
COTT41_load,0.1,COTT41,,,0.0,-1.0
COTT42_load,0.1,COTT42,,,0.0,-1.0
COWT2A_load,0.1,COWT2A,,,0.0,-1.0
CREB2A_load,0.1,CREB2A,,,0.0,-1.0
CREB2B_load,0.1,CREB2B,,,0.0,-1.0
CULJ4A_load,0.1,CULJ4A,,,0.0,-1.0
DAIN41_load,0.1,DAIN41,,,0.0,-1.0
DAMC41_load,0.1,DAMC41,,,0.0,-1.0
DINO41_load,0.1,DINO41,,,0.0,-1.0
EASO4B_load,0.1,EASO4B,,,0.0,-1.0
EGGB41_load,0.1,EGGB41,,,0.0,-1.0
EGGB42_load,0.1,EGGB42,,,0.0,-1.0
ELST12_load,0.1,ELST12,,,0.0,-1.0
ELST4A_load,0.1,ELST4A,,,0.0,-1.0
FENW4A_load,0.1,FENW4A,,,0.0,-1.0
FERR22_load,0.1,FERR22,,,0.0,-1.0
FERR2B_load,0.1,FERR2B,,,0.0,-1.0
FFES21_load,0.1,FFES21,,,0.0,-1.0
FFES22_load,0.1,FFES22,,,0.0,-1.0
GART4A_load,0.1,GART4A,,,0.0,-1.0
GART4B_load,0.1,GART4B,,,0.0,-1.0
GRSA21_load,0.1,GRSA21,,,0.0,-1.0
GRSB21_load,0.1,GRSB21,,,0.0,-1.0
HAKB1-_load,0.1,HAKB1-,,,0.0,-1.0
HAKB4B_load,0.1,HAKB4B,,,0.0,-1.0
HAMB4A_load,0.1,HAMB4A,,,0.0,-1.0
HAMB4B_load,0.1,HAMB4B,,,0.0,-1.0
HAMH1A_load,0.1,HAMH1A,,,0.0,-1.0
HAMH1B_load,0.1,HAMH1B,,,0.0,-1.0
HAMH2A_load,0.1,HAMH2A,,,0.0,-1.0
HARK13_load,0.1,HARK13,,,0.0,-1.0
HARK23_load,0.1,HARK23,,,0.0,-1.0
HATL21_load,0.1,HATL21,,,0.0,-1.0
HAWP2A_load,0.1,HAWP2A,,,0.0,-1.0
HEDO21_load,0.1,HEDO21,,,0.0,-1.0
HIGM21_load,0.1,HIGM21,,,0.0,-1.0
HIGM4A_load,0.1,HIGM4A,,,0.0,-1.0
IROA11_load,0.1,IROA11,,,0.0,-1.0
IROA12_load,0.1,IROA12,,,0.0,-1.0
IVER2A_load,0.1,IVER2A,,,0.0,-1.0
KEAD43_load,0.1,KEAD43,,,0.0,-1.0
KENG41_load,0.1,KENG41,,,0.0,-1.0
KILL41_load,0.1,KILL41,,,0.0,-1.0
KIRK2A_load,0.1,KIRK2A,,,0.0,-1.0
LAGA41_load,0.1,LAGA41,,,0.0,-1.0
LEIB4A_load,0.1,LEIB4A,,,0.0,-1.0
LEIB4B_load,0.1,LEIB4B,,,0.0,-1.0
LEIS11_load,0.1,LEIS11,,,0.0,-1.0
LOFI4A_load,0.1,LOFI4A,,,0.0,-1.0
LOFI4B_load,0.1,LOFI4B,,,0.0,-1.0
MARH41_load,0.1,MARH41,,,0.0,-1.0
MARH42_load,0.1,MARH42,,,0.0,-1.0
MAWO41_load,0.1,MAWO41,,,0.0,-1.0
MEDB4A_load,0.1,MEDB4A,,,0.0,-1.0
MEDB4B_load,0.1,MEDB4B,,,0.0,-1.0
MIDL41_load,0.1,MIDL41,,,0.0,-1.0
MILL41_load,0.1,MILL41,,,0.0,-1.0
MILL4A_load,0.1,MILL4A,,,0.0,-1.0
MILL4B_load,0.1,MILL4B,,,0.0,-1.0
MONF22_load,0.1,MONF22,,,0.0,-1.0
NECT4A_load,0.1,NECT4A,,,0.0,-1.0
NECT4B_load,0.1,NECT4B,,,0.0,-1.0
NORM11_load,0.1,NORM11,,,0.0,-1.0
NORM12_load,0.1,NORM12,,,0.0,-1.0
OCKH2A_load,0.1,OCKH2A,,,0.0,-1.0
PENM4A_load,0.1,PENM4A,,,0.0,-1.0
PENM4B_load,0.1,PENM4B,,,0.0,-1.0
PERH11_load,0.1,PERH11,,,0.0,-1.0
PEWO2C_load,0.1,PEWO2C,,,0.0,-1.0
PEWO2D_load,0.1,PEWO2D,,,0.0,-1.0
PUDM41_load,0.1,PUDM41,,,0.0,-1.0
RHIG41_load,0.1,RHIG41,,,0.0,-1.0
RYEH4A_load,0.1,RYEH4A,,,0.0,-1.0
RYEH4B_load,0.1,RYEH4B,,,0.0,-1.0
SALH41_load,0.1,SALH41,,,0.0,-1.0
SELL4B_load,0.1,SELL4B,,,0.0,-1.0
SHRE4A_load,0.1,SHRE4A,,,0.0,-1.0
SHUR41_load,0.1,SHUR41,,,0.0,-1.0
SPLN41_load,0.1,SPLN41,,,0.0,-1.0
STAL4B_load,0.1,STAL4B,,,0.0,-1.0
STEN11_load,0.1,STEN11,,,0.0,-1.0
SWAN42_load,0.1,SWAN42,,,0.0,-1.0
THOM2A_load,0.1,THOM2A,,,0.0,-1.0
THUR2A_load,0.1,THUR2A,,,0.0,-1.0
TOTT2A_load,0.1,TOTT2A,,,0.0,-1.0
TOTT2B_load,0.1,TOTT2B,,,0.0,-1.0
USKM11_load,0.1,USKM11,,,0.0,-1.0
USKM2A_load,0.1,USKM2A,,,0.0,-1.0
USKM2B_load,0.1,USKM2B,,,0.0,-1.0
WBUR41_load,0.1,WBUR41,,,0.0,-1.0
WTHU4C_load,0.1,WTHU4C,,,0.0,-1.0
WTHU4D_load,0.1,WTHU4D,,,0.0,-1.0
BOSO11_load,0.1,BOSO11,,,0.0,-1.0
BBWO21_load,0.1,BBWO21,,,0.0,-1.0
BRST21_load,0.1,BRST21,,,0.0,-1.0
BRST22_load,0.1,BRST22,,,0.0,-1.0
SGRO21_load,0.1,SGRO21,,,0.0,-1.0
SGRO22_load,0.1,SGRO22,,,0.0,-1.0
GALO11_load,0.1,GALO11,,,0.0,-1.0
GALO12_load,0.1,GALO12,,,0.0,-1.0
GGON11_load,0.1,GGON11,,,0.0,-1.0
GGON12_load,0.1,GGON12,,,0.0,-1.0
GGON13_load,0.1,GGON13,,,0.0,-1.0
CLTO11_load,0.1,CLTO11,,,0.0,-1.0
GWYO11_load,0.1,GWYO11,,,0.0,-1.0
GWYO12_load,0.1,GWYO12,,,0.0,-1.0
HOWA21_load,0.1,HOWA21,,,0.0,-1.0
HOWR2A_load,0.1,HOWR2A,,,0.0,-1.0
HOWB21_load,0.1,HOWB21,,,0.0,-1.0
HOWR2B_load,0.1,HOWR2B,,,0.0,-1.0
HUMO11_load,0.1,HUMO11,,,0.0,-1.0
HUMO12_load,0.1,HUMO12,,,0.0,-1.0
LINO11_load,0.1,LINO11,,,0.0,-1.0
LINO12_load,0.1,LINO12,,,0.0,-1.0
LINO13_load,0.1,LINO13,,,0.0,-1.0
LINO14_load,0.1,LINO14,,,0.0,-1.0
LONO11_load,0.1,LONO11,,,0.0,-1.0
LONO12_load,0.1,LONO12,,,0.0,-1.0
LONO13_load,0.1,LONO13,,,0.0,-1.0
LONO14_load,0.1,LONO14,,,0.0,-1.0
TWNE11_load,0.1,TWNE11,,,0.0,-1.0
TWNE12_load,0.1,TWNE12,,,0.0,-1.0
THAW11_load,0.1,THAW11,,,0.0,-1.0
THAW12_load,0.1,THAW12,,,0.0,-1.0
TKNO22_load,0.1,TKNO22,,,0.0,-1.0
TKNO21_load,0.1,TKNO21,,,0.0,-1.0
WAAO11_load,0.1,WAAO11,,,0.0,-1.0
WAAO1A_load,0.1,WAAO1A,,,0.0,-1.0
WABO11_load,0.1,WABO11,,,0.0,-1.0
WABO1A_load,0.1,WABO1A,,,0.0,-1.0
WOWE21_load,0.1,WOWE21,,,0.0,-1.0
WOWE22_load,0.1,WOWE22,,,0.0,-1.0
WERO11_load,0.1,WERO11,,,0.0,-1.0
FLIB41_load,0.1,FLIB41,,,0.0,-1.0
BLHI4R_load,0.1,BLHI4R,,,0.0,-1.0
SALL11_load,0.1,SALL11,,,0.0,-1.0
SALL12_load,0.1,SALL12,,,0.0,-1.0
BEAT4A_load,0.1,BEAT4A,,,0.0,-1.0
BLHI41_load,0.1,BLHI41,,,0.0,-1.0
BLHI42_load,0.1,BLHI42,,,0.0,-1.0
LINO42_load,0.1,LINO42,,,0.0,-1.0
GANW14_load,0.1,GANW14,,,0.0,-1.0
PORA1S_load,0.1,PORA1S,,,0.0,-1.0
FYRI1K_load,0.1,FYRI1K,,,0.0,-1.0
SLOY1T_load,0.1,SLOY1T,,,0.0,-1.0
BEAU1P_load,0.1,BEAU1P,,,0.0,-1.0
BEAU1Q_load,0.1,BEAU1Q,,,0.0,-1.0
KNOC1J_load,0.1,KNOC1J,,,0.0,-1.0
KNOC2L_load,0.1,KNOC2L,,,0.0,-1.0
KNOC2M_load,0.1,KNOC2M,,,0.0,-1.0
MILW1S_load,0.1,MILW1S,,,0.0,-1.0
TEAL1-_load,0.1,TEAL1-,,,0.0,-1.0
ROTI2K_load,0.1,ROTI2K,,,0.0,-1.0
TOMT1L_load,0.1,TOMT1L,,,0.0,-1.0
TOMT1M_load,0.1,TOMT1M,,,0.0,-1.0
TUMM4-_load,0.1,TUMM4-,,,0.0,-1.0
QUOI1Q_load,0.1,QUOI1Q,,,0.0,-1.0
GLAG1Q_load,0.1,GLAG1Q,,,0.0,-1.0
GLAG1R_load,0.1,GLAG1R,,,0.0,-1.0
FARI1J_load,0.1,FARI1J,,,0.0,-1.0
CONN1J_load,0.1,CONN1J,,,0.0,-1.0
STRW1C_load,0.1,STRW1C,,,0.0,-1.0
MOSS1S_load,0.1,MOSS1S,,,0.0,-1.0
MOSS1T_load,0.1,MOSS1T,,,0.0,-1.0
KINT1P_load,0.1,KINT1P,,,0.0,-1.0
KINT1R_load,0.1,KINT1R,,,0.0,-1.0
CREA1B_load,0.1,CREA1B,,,0.0,-1.0
HUNN2C_load,0.1,HUNN2C,,,0.0,-1.0
HUNN2D_load,0.1,HUNN2D,,,0.0,-1.0
LOCB1L_load,0.1,LOCB1L,,,0.0,-1.0
LOCB1M_load,0.1,LOCB1M,,,0.0,-1.0
ORRI1S_load,0.1,ORRI1S,,,0.0,-1.0
ORRI1T_load,0.1,ORRI1T,,,0.0,-1.0
MILC1V_load,0.1,MILC1V,,,0.0,-1.0
FARI1K_load,0.1,FARI1K,,,0.0,-1.0
KINT1T_load,0.1,KINT1T,,,0.0,-1.0
KINT1U_load,0.1,KINT1U,,,0.0,-1.0
TUMM1J_load,0.1,TUMM1J,,,0.0,-1.0
TUMM1K_load,0.1,TUMM1K,,,0.0,-1.0
GLDO1G_load,0.1,GLDO1G,,,0.0,-1.0
LAGG1Q_load,0.1,LAGG1Q,,,0.0,-1.0
LOCL1Q_load,0.1,LOCL1Q,,,0.0,-1.0
LOCL1R_load,0.1,LOCL1R,,,0.0,-1.0
FOYE2J_load,0.1,FOYE2J,,,0.0,-1.0
LUND1-_load,0.1,LUND1-,,,0.0,-1.0
SLOY1K_load,0.1,SLOY1K,,,0.0,-1.0
WHIB1H_load,0.1,WHIB1H,,,0.0,-1.0
WHIB1G_load,0.1,WHIB1G,,,0.0,-1.0
SFER1M_load,0.1,SFER1M,,,0.0,-1.0
KEIT3A_load,0.1,KEIT3A,,,0.0,-1.0
KINT1B_load,0.1,KINT1B,,,0.0,-1.0
MELG1K_load,0.1,MELG1K,,,0.0,-1.0
SPIT1J_load,0.1,SPIT1J,,,0.0,-1.0
SPIT1M_load,0.1,SPIT1M,,,0.0,-1.0
SPIT1K_load,0.1,SPIT1K,,,0.0,-1.0
MYBS3N_load,0.1,MYBS3N,,,0.0,-1.0
SLKB1L_load,0.1,SLKB1L,,,0.0,-1.0
SLKB1M_load,0.1,SLKB1M,,,0.0,-1.0
PEHE2S_load,0.1,PEHE2S,,,0.0,-1.0
PEHEMEC6_load,0.1,PEHEMEC6,,,0.0,-1.0
PEHERSV2_load,0.1,PEHERSV2,,,0.0,-1.0
PEHERSV1_load,0.1,PEHERSV1,,,0.0,-1.0
SFEG1T_load,0.1,SFEG1T,,,0.0,-1.0
SPIT2R_load,0.1,SPIT2R,,,0.0,-1.0
MAHI1-_load,0.1,MAHI1-,,,0.0,-1.0
GLAP3-_load,0.1,GLAP3-,,,0.0,-1.0
NECU1Q_load,0.1,NECU1Q,,,0.0,-1.0
BLKS3-_load,0.1,BLKS3-,,,0.0,-1.0
WISH1-_load,0.1,WISH1-,,,0.0,-1.0
DENN1-_load,0.1,DENN1-,,,0.0,-1.0
CUMH3-_load,0.1,CUMH3-,,,0.0,-1.0
ECCF1J_load,0.1,ECCF1J,,,0.0,-1.0
ECCF1K_load,0.1,ECCF1K,,,0.0,-1.0
ELVA2Q_load,0.1,ELVA2Q,,,0.0,-1.0
ELVA2R_load,0.1,ELVA2R,,,0.0,-1.0
CLYS3X_load,0.1,CLYS3X,,,0.0,-1.0
MAYT1T_load,0.1,MAYT1T,,,0.0,-1.0
EWEH3-_load,0.1,EWEH3-,,,0.0,-1.0
SMEA1-_load,0.1,SMEA1-,,,0.0,-1.0
KEIH3-_load,0.1,KEIH3-,,,0.0,-1.0
POGB3-_load,0.1,POGB3-,,,0.0,-1.0
TODD3-_load,0.1,TODD3-,,,0.0,-1.0
STWB4Q_load,0.1,STWB4Q,,,0.0,-1.0
STWB4R_load,0.1,STWB4R,,,0.0,-1.0
GRNA4C_load,0.1,GRNA4C,,,0.0,-1.0
WIYH1-_load,0.1,WIYH1-,,,0.0,-1.0
HAWI1B_load,0.1,HAWI1B,,,0.0,-1.0
SAKN1-_load,0.1,SAKN1-,,,0.0,-1.0
SNQR3-_load,0.1,SNQR3-,,,0.0,-1.0
WHLL3-_load,0.1,WHLL3-,,,0.0,-1.0
GRMO3C_load,0.1,GRMO3C,,,0.0,-1.0
JUNV1-_load,0.1,JUNV1-,,,0.0,-1.0
MOFF4C_load,0.1,MOFF4C,,,0.0,-1.0
KYPE3A_load,0.1,KYPE3A,,,0.0,-1.0
TORN1-_load,0.1,TORN1-,,,0.0,-1.0
KAIM3A_load,0.1,KAIM3A,,,0.0,-1.0
KAIM3B_load,0.1,KAIM3B,,,0.0,-1.0
NECU1R_load,0.1,NECU1R,,,0.0,-1.0
LOAN2Q_load,0.1,LOAN2Q,,,0.0,-1.0
LOAN2R_load,0.1,LOAN2R,,,0.0,-1.0
TRLO3-_load,0.1,TRLO3-,,,0.0,-1.0
MEAD1Q_load,0.1,MEAD1Q,,,0.0,-1.0
MEAD1R_load,0.1,MEAD1R,,,0.0,-1.0
MOFF3A_load,0.1,MOFF3A,,,0.0,-1.0
SOKY1-_load,0.1,SOKY1-,,,0.0,-1.0
NEIL1C_load,0.1,NEIL1C,,,0.0,-1.0
NEIL2C_load,0.1,NEIL2C,,,0.0,-1.0
WIYH2R_load,0.1,WIYH2R,,,0.0,-1.0
SWAN21_load,0.1,SWAN21,,,0.0,-1.0
WIMB2A_load,0.1,WIMB2A,,,0.0,-1.0
ROWD42_load,0.1,ROWD42,,,0.0,-1.0
ROWD41_load,0.1,ROWD41,,,0.0,-1.0
LISD2A_load,0.1,LISD2A,,,0.0,-1.0
MONF21_load,0.1,MONF21,,,0.0,-1.0
WALX22_load,0.1,WALX22,,,0.0,-1.0
WALX21_load,0.1,WALX21,,,0.0,-1.0
HINP22_load,0.1,HINP22,,,0.0,-1.0
HINP21_load,0.1,HINP21,,,0.0,-1.0
DRAK21_load,0.1,DRAK21,,,0.0,-1.0
IROA13_load,0.1,IROA13,,,0.0,-1.0
KEMS4A_load,0.1,KEMS4A,,,0.0,-1.0
SELL4C_load,0.1,SELL4C,,,0.0,-1.0
SELL4D_load,0.1,SELL4D,,,0.0,-1.0
INCE11_load,0.1,INCE11,,,0.0,-1.0
PEWO4A_load,0.1,PEWO4A,,,0.0,-1.0
WHSO4A_load,0.1,WHSO4A,,,0.0,-1.0
WHAM4B_load,0.1,WHAM4B,,,0.0,-1.0
KEMS4B_load,0.1,KEMS4B,,,0.0,-1.0
TREU4A_load,0.1,TREU4A,,,0.0,-1.0
TREU4B_load,0.1,TREU4B,,,0.0,-1.0
MARH4B_load,0.1,MARH4B,,,0.0,-1.0
RYHA4A_load,0.1,RYHA4A,,,0.0,-1.0
RYHA4B_load,0.1,RYHA4B,,,0.0,-1.0
RATS2A_load,0.1,RATS2A,,,0.0,-1.0
THTO41_load,0.1,THTO41,,,0.0,-1.0
THTO42_load,0.1,THTO42,,,0.0,-1.0
SELL4E_load,0.1,SELL4E,,,0.0,-1.0
SELL4F_load,0.1,SELL4F,,,0.0,-1.0
WISD2A_load,0.1,WISD2A,,,0.0,-1.0
PAFB4A_load,0.1,PAFB4A,,,0.0,-1.0
PAFB4B_load,0.1,PAFB4B,,,0.0,-1.0
HEND11_load,0.1,HEND11,,,0.0,-1.0
HARK24_load,0.1,HARK24,,,0.0,-1.0
MEDW41_load,0.1,MEDW41,,,0.0,-1.0
MARH4A_load,0.1,MARH4A,,,0.0,-1.0
SHBA41_load,0.1,SHBA41,,,0.0,-1.0
LACK2A_load,0.1,LACK2A,,,0.0,-1.0
LACK2B_load,0.1,LACK2B,,,0.0,-1.0
LACK2C_load,0.1,LACK2C,,,0.0,-1.0
LEMR11_load,0.1,LEMR11,,,0.0,-1.0
HUTT42_load,0.1,HUTT42,,,0.0,-1.0
HUTT43_load,0.1,HUTT43,,,0.0,-1.0
SAES21_load,0.1,SAES21,,,0.0,-1.0
QUER4B_load,0.1,QUER4B,,,0.0,-1.0
SAFO41_load,0.1,SAFO41,,,0.0,-1.0
LITT2A_load,0.1,LITT2A,,,0.0,-1.0
LITT2B_load,0.1,LITT2B,,,0.0,-1.0
QUER4A_load,0.1,QUER4A,,,0.0,-1.0
OLDS12_load,0.1,OLDS12,,,0.0,-1.0
MELK2A_load,0.1,MELK2A,,,0.0,-1.0
MELK2B_load,0.1,MELK2B,,,0.0,-1.0
WHSO2A_load,0.1,WHSO2A,,,0.0,-1.0
WHSO2B_load,0.1,WHSO2B,,,0.0,-1.0
SING41_load,0.1,SING41,,,0.0,-1.0
WWEY2A_load,0.1,WWEY2A,,,0.0,-1.0
SIZE11_load,0.1,SIZE11,,,0.0,-1.0
SIZE12_load,0.1,SIZE12,,,0.0,-1.0
SIZE1A_load,0.1,SIZE1A,,,0.0,-1.0
SIZE1B_load,0.1,SIZE1B,,,0.0,-1.0
WTHU4E_load,0.1,WTHU4E,,,0.0,-1.0
WTHU4F_load,0.1,WTHU4F,,,0.0,-1.0
ROWD4A_load,0.1,ROWD4A,,,0.0,-1.0
ROWD4B_load,0.1,ROWD4B,,,0.0,-1.0
NOTR11_load,0.1,NOTR11,,,0.0,-1.0
NOTR12_load,0.1,NOTR12,,,0.0,-1.0
SALH42_load,0.1,SALH42,,,0.0,-1.0
THTO43_load,0.1,THTO43,,,0.0,-1.0
PEWO4B_load,0.1,PEWO4B,,,0.0,-1.0
WYLF11_load,0.1,WYLF11,,,0.0,-1.0
WHAM4A_load,0.1,WHAM4A,,,0.0,-1.0
STAY4A_load,0.1,STAY4A,,,0.0,-1.0
STSB4A_load,0.1,STSB4A,,,0.0,-1.0
STES11_load,0.1,STES11,,,0.0,-1.0
USKM12_load,0.1,USKM12,,,0.0,-1.0
BEAT21_load,0.1,BEAT21,,,0.0,-1.0
BEAT22_load,0.1,BEAT22,,,0.0,-1.0
DUDO11_load,0.1,DUDO11,,,0.0,-1.0
DUDO12_load,0.1,DUDO12,,,0.0,-1.0
MORO21_load,0.1,MORO21,,,0.0,-1.0
MORO22_load,0.1,MORO22,,,0.0,-1.0
MORO23_load,0.1,MORO23,,,0.0,-1.0
RACO22_load,0.1,RACO22,,,0.0,-1.0
RACO21_load,0.1,RACO21,,,0.0,-1.0
RREW11_load,0.1,RREW11,,,0.0,-1.0
RRWW11_load,0.1,RRWW11,,,0.0,-1.0
WDSO11_load,0.1,WDSO11,,,0.0,-1.0
WDSO12_load,0.1,WDSO12,,,0.0,-1.0
ABNE3-_load,0.1,ABNE3-,,,0.0,-1.0
ACHR3-_load,0.1,ACHR3-,,,0.0,-1.0
AIGA5-_load,0.1,AIGA5-,,,0.0,-1.0
ALNE3J_load,0.1,ALNE3J,,,0.0,-1.0
ANSU3-_load,0.1,ANSU3-,,,0.0,-1.0
ARBR3-_load,0.1,ARBR3-,,,0.0,-1.0
ARDK3K_load,0.1,ARDK3K,,,0.0,-1.0
ARMO3-_load,0.1,ARMO3-,,,0.0,-1.0
BEAU3-_load,0.1,BEAU3-,,,0.0,-1.0
BEIN31_load,0.1,BEIN31,,,0.0,-1.0
BERB3-_load,0.1,BERB3-,,,0.0,-1.0
BHLA31_load,0.1,BHLA31,,,0.0,-1.0
BOAG3-_load,0.1,BOAG3-,,,0.0,-1.0
BRCW3-_load,0.1,BRCW3-,,,0.0,-1.0
BRID3-_load,0.1,BRID3-,,,0.0,-1.0
BROA3-_load,0.1,BROA3-,,,0.0,-1.0
BROR3-_load,0.1,BROR3-,,,0.0,-1.0
BUMU3-_load,0.1,BUMU3-,,,0.0,-1.0
CAAD3-_load,0.1,CAAD3-,,,0.0,-1.0
CAAD3J_load,0.1,CAAD3J,,,0.0,-1.0
CAIN3J_load,0.1,CAIN3J,,,0.0,-1.0
CASS3-_load,0.1,CASS3-,,,0.0,-1.0
CEAN5-_load,0.1,CEAN5-,,,0.0,-1.0
CHAR3-_load,0.1,CHAR3-,,,0.0,-1.0
CLAC5J_load,0.1,CLAC5J,,,0.0,-1.0
CLAY3-_load,0.1,CLAY3-,,,0.0,-1.0
CLUN5J_load,0.1,CLUN5J,,,0.0,-1.0
CLUN5K_load,0.1,CLUN5K,,,0.0,-1.0
COGA3-_load,0.1,COGA3-,,,0.0,-1.0
CORI3-_load,0.1,CORI3-,,,0.0,-1.0
CORI3J_load,0.1,CORI3J,,,0.0,-1.0
COUA3-_load,0.1,COUA3-,,,0.0,-1.0
CRAI3-_load,0.1,CRAI3-,,,0.0,-1.0
CREA3-_load,0.1,CREA3-,,,0.0,-1.0
COUW31_load,0.1,COUW31,,,0.0,-1.0
CULL5-_load,0.1,CULL5-,,,0.0,-1.0
DAAS3-_load,0.1,DAAS3-,,,0.0,-1.0
DEAN5-_load,0.1,DEAN5-,,,0.0,-1.0
LAIR3-_load,0.1,LAIR3-,,,0.0,-1.0
DORE31_load,0.1,DORE31,,,0.0,-1.0
DORE32_load,0.1,DORE32,,,0.0,-1.0
DOUN3-_load,0.1,DOUN3-,,,0.0,-1.0
DUBE3-_load,0.1,DUBE3-,,,0.0,-1.0
DUDH3-_load,0.1,DUDH3-,,,0.0,-1.0
DUGR3-_load,0.1,DUGR3-,,,0.0,-1.0
DUNM3-_load,0.1,DUNM3-,,,0.0,-1.0
DUNO3-_load,0.1,DUNO3-,,,0.0,-1.0
DYCE3-_load,0.1,DYCE3-,,,0.0,-1.0
EDIN3-_load,0.1,EDIN3-,,,0.0,-1.0
ELGI3-_load,0.1,ELGI3-,,,0.0,-1.0
ERRO5L_load,0.1,ERRO5L,,,0.0,-1.0
ERRO5J_load,0.1,ERRO5J,,,0.0,-1.0
FAAR3J_load,0.1,FAAR3J,,,0.0,-1.0
FAAR3K_load,0.1,FAAR3K,,,0.0,-1.0
FASN3-_load,0.1,FASN3-,,,0.0,-1.0
FAUG3-_load,0.1,FAUG3-,,,0.0,-1.0
FERO3-_load,0.1,FERO3-,,,0.0,-1.0
FETT3S_load,0.1,FETT3S,,,0.0,-1.0
FIDD3-_load,0.1,FIDD3-,,,0.0,-1.0
FINL5-_load,0.1,FINL5-,,,0.0,-1.0
FRAS3-_load,0.1,FRAS3-,,,0.0,-1.0
FWIL3-_load,0.1,FWIL3-,,,0.0,-1.0
GLEN5-_load,0.1,GLEN5-,,,0.0,-1.0
GLFA3-_load,0.1,GLFA3-,,,0.0,-1.0
GLKO3J_load,0.1,GLKO3J,,,0.0,-1.0
GORW3-_load,0.1,GORW3-,,,0.0,-1.0
GRIF36_load,0.1,GRIF36,,,0.0,-1.0
GRIF38_load,0.1,GRIF38,,,0.0,-1.0
GRUB3-_load,0.1,GRUB3-,,,0.0,-1.0
INGA5-_load,0.1,INGA5-,,,0.0,-1.0
INNE3-_load,0.1,INNE3-,,,0.0,-1.0
KIIN3-_load,0.1,KIIN3-,,,0.0,-1.0
KILO3-_load,0.1,KILO3-,,,0.0,-1.0
KINT3-_load,0.1,KINT3-,,,0.0,-1.0
KIOR5-_load,0.1,KIOR5-,,,0.0,-1.0
LOCH5J_load,0.1,LOCH5J,,,0.0,-1.0
LOCH5K_load,0.1,LOCH5K,,,0.0,-1.0
LUIC5J_load,0.1,LUIC5J,,,0.0,-1.0
LUIC5K_load,0.1,LUIC5K,,,0.0,-1.0
LUNA3-_load,0.1,LUNA3-,,,0.0,-1.0
LYND3-_load,0.1,LYND3-,,,0.0,-1.0
MACD3-_load,0.1,MACD3-,,,0.0,-1.0
MILC3-_load,0.1,MILC3-,,,0.0,-1.0
MILS3J_load,0.1,MILS3J,,,0.0,-1.0
MILW3-_load,0.1,MILW3-,,,0.0,-1.0
MOSS5-_load,0.1,MOSS5-,,,0.0,-1.0
MYBS3J_load,0.1,MYBS3J,,,0.0,-1.0
MYBS3K_load,0.1,MYBS3K,,,0.0,-1.0
NAIR3-_load,0.1,NAIR3-,,,0.0,-1.0
NANT5-_load,0.1,NANT5-,,,0.0,-1.0
ORRI3-_load,0.1,ORRI3-,,,0.0,-1.0
ORRI5-_load,0.1,ORRI5-,,,0.0,-1.0
PEHS5-_load,0.1,PEHS5-,,,0.0,-1.0
PEHG3-_load,0.1,PEHG3-,,,0.0,-1.0
PERS3-_load,0.1,PERS3-,,,0.0,-1.0
PORA3-_load,0.1,PORA3-,,,0.0,-1.0
QUOI5-_load,0.1,QUOI5-,,,0.0,-1.0
RANN3Q_load,0.1,RANN3Q,,,0.0,-1.0
REDM3-_load,0.1,REDM3-,,,0.0,-1.0
ROTI3-_load,0.1,ROTI3-,,,0.0,-1.0
SFEG5-_load,0.1,SFEG5-,,,0.0,-1.0
SFEM5J_load,0.1,SFEM5J,,,0.0,-1.0
SFEM5K_load,0.1,SFEM5K,,,0.0,-1.0
SFIL5-_load,0.1,SFIL5-,,,0.0,-1.0
SHIN3-_load,0.1,SHIN3-,,,0.0,-1.0
SHIN5-_load,0.1,SHIN5-,,,0.0,-1.0
SLOY5L_load,0.1,SLOY5L,,,0.0,-1.0
SLOY5M_load,0.1,SLOY5M,,,0.0,-1.0
SLOY5N_load,0.1,SLOY5N,,,0.0,-1.0
SLOY5P_load,0.1,SLOY5P,,,0.0,-1.0
STRB3W_load,0.1,STRB3W,,,0.0,-1.0
STRI3-_load,0.1,STRI3-,,,0.0,-1.0
STRL3P_load,0.1,STRL3P,,,0.0,-1.0
STRL3Q_load,0.1,STRL3Q,,,0.0,-1.0
STRL3R_load,0.1,STRL3R,,,0.0,-1.0
STRW31_load,0.1,STRW31,,,0.0,-1.0
TARL3-_load,0.1,TARL3-,,,0.0,-1.0
TAYN3-_load,0.1,TAYN3-,,,0.0,-1.0
THUS3-_load,0.1,THUS3-,,,0.0,-1.0
TUMB5-_load,0.1,TUMB5-,,,0.0,-1.0
WIOW3-_load,0.1,WIOW3-,,,0.0,-1.0
WOHI3-_load,0.1,WOHI3-,,,0.0,-1.0
AREC3A_load,0.1,AREC3A,,,0.0,-1.0
AREC3B_load,0.1,AREC3B,,,0.0,-1.0
AYR-3-_load,0.1,AYR-3-,,,0.0,-1.0
BAGA3-_load,0.1,BAGA3-,,,0.0,-1.0
BAIN3-_load,0.1,BAIN3-,,,0.0,-1.0
BERW3-_load,0.1,BERW3-,,,0.0,-1.0
BLAH3A_load,0.1,BLAH3A,,,0.0,-1.0
BLAH3B_load,0.1,BLAH3B,,,0.0,-1.0
BLKL3A_load,0.1,BLKL3A,,,0.0,-1.0
BLKL3B_load,0.1,BLKL3B,,,0.0,-1.0
BLLX3-_load,0.1,BLLX3-,,,0.0,-1.0
BONN3-_load,0.1,BONN3-,,,0.0,-1.0
BRAP3-_load,0.1,BRAP3-,,,0.0,-1.0
BROX3-_load,0.1,BROX3-,,,0.0,-1.0
CAFA5R_load,0.1,CAFA5R,,,0.0,-1.0
CATY3-_load,0.1,CATY3-,,,0.0,-1.0
CHAP3-_load,0.1,CHAP3-,,,0.0,-1.0
CHAS3C_load,0.1,CHAS3C,,,0.0,-1.0
CHAS3A_load,0.1,CHAS3A,,,0.0,-1.0
CLYM3A_load,0.1,CLYM3A,,,0.0,-1.0
CLYM3B_load,0.1,CLYM3B,,,0.0,-1.0
CLYN3A_load,0.1,CLYN3A,,,0.0,-1.0
CLYN3B_load,0.1,CLYN3B,,,0.0,-1.0
CLYN3C_load,0.1,CLYN3C,,,0.0,-1.0
CLYN3D_load,0.1,CLYN3D,,,0.0,-1.0
CLYS3A_load,0.1,CLYS3A,,,0.0,-1.0
COAT3-_load,0.1,COAT3-,,,0.0,-1.0
COCK3-_load,0.1,COCK3-,,,0.0,-1.0
COYL3-_load,0.1,COYL3-,,,0.0,-1.0
CROO3J_load,0.1,CROO3J,,,0.0,-1.0
CROO3K_load,0.1,CROO3K,,,0.0,-1.0
CRYR31_load,0.1,CRYR31,,,0.0,-1.0
CRYR32_load,0.1,CRYR32,,,0.0,-1.0
CUMB3-_load,0.1,CUMB3-,,,0.0,-1.0
CUPA3-_load,0.1,CUPA3-,,,0.0,-1.0
CURR5-_load,0.1,CURR5-,,,0.0,-1.0
DALM3-_load,0.1,DALM3-,,,0.0,-1.0
DESA3-_load,0.1,DESA3-,,,0.0,-1.0
DEVM3-_load,0.1,DEVM3-,,,0.0,-1.0
DEVO3-_load,0.1,DEVO3-,,,0.0,-1.0
DEWP3-_load,0.1,DEWP3-,,,0.0,-1.0
DRCR3-_load,0.1,DRCR3-,,,0.0,-1.0
DRUM3-_load,0.1,DRUM3-,,,0.0,-1.0
DUMF3A_load,0.1,DUMF3A,,,0.0,-1.0
DUMF3B_load,0.1,DUMF3B,,,0.0,-1.0
DUMF3I_load,0.1,DUMF3I,,,0.0,-1.0
DUNB3A_load,0.1,DUNB3A,,,0.0,-1.0
DUNB3B_load,0.1,DUNB3B,,,0.0,-1.0
DUNF3-_load,0.1,DUNF3-,,,0.0,-1.0
DUNH3-_load,0.1,DUNH3-,,,0.0,-1.0
EAST5-_load,0.1,EAST5-,,,0.0,-1.0
ECCL3-_load,0.1,ECCL3-,,,0.0,-1.0
EERH3-_load,0.1,EERH3-,,,0.0,-1.0
EKIL3-_load,0.1,EKIL3-,,,0.0,-1.0
EKIS3A_load,0.1,EKIS3A,,,0.0,-1.0
EKIS3B_load,0.1,EKIS3B,,,0.0,-1.0
ELDE3-_load,0.1,ELDE3-,,,0.0,-1.0
ERSK3-_load,0.1,ERSK3-,,,0.0,-1.0
FALL3A_load,0.1,FALL3A,,,0.0,-1.0
FALL3B_load,0.1,FALL3B,,,0.0,-1.0
FINN3-_load,0.1,FINN3-,,,0.0,-1.0
GALA3-_load,0.1,GALA3-,,,0.0,-1.0
GAWH3-_load,0.1,GAWH3-,,,0.0,-1.0
GIFF3A_load,0.1,GIFF3A,,,0.0,-1.0
GIFF3B_load,0.1,GIFF3B,,,0.0,-1.0
GLLE5-_load,0.1,GLLE5-,,,0.0,-1.0
GLLU3-_load,0.1,GLLU3-,,,0.0,-1.0
GLNI3-_load,0.1,GLNI3-,,,0.0,-1.0
GLRO3A_load,0.1,GLRO3A,,,0.0,-1.0
GLRO3B_load,0.1,GLRO3B,,,0.0,-1.0
GORG3-_load,0.1,GORG3-,,,0.0,-1.0
GOVA3-_load,0.1,GOVA3-,,,0.0,-1.0
BPGR3J_load,0.1,BPGR3J,,,0.0,-1.0
BPGR3K_load,0.1,BPGR3K,,,0.0,-1.0
HADH3-_load,0.1,HADH3-,,,0.0,-1.0
HAGR3-_load,0.1,HAGR3-,,,0.0,-1.0
HARE3A_load,0.1,HARE3A,,,0.0,-1.0
HARE3B_load,0.1,HARE3B,,,0.0,-1.0
HAWI3-_load,0.1,HAWI3-,,,0.0,-1.0
HELE3-_load,0.1,HELE3-,,,0.0,-1.0
HUNF3-_load,0.1,HUNF3-,,,0.0,-1.0
INKE3-_load,0.1,INKE3-,,,0.0,-1.0
JOHN3-_load,0.1,JOHN3-,,,0.0,-1.0
KEOO5-_load,0.1,KEOO5-,,,0.0,-1.0
KIER3-_load,0.1,KIER3-,,,0.0,-1.0
KILB3-_load,0.1,KILB3-,,,0.0,-1.0
KILB5-_load,0.1,KILB5-,,,0.0,-1.0
KILG3A_load,0.1,KILG3A,,,0.0,-1.0
KILG3B_load,0.1,KILG3B,,,0.0,-1.0
KILG3C_load,0.1,KILG3C,,,0.0,-1.0
KILS3-_load,0.1,KILS3-,,,0.0,-1.0
KILT3-_load,0.1,KILT3-,,,0.0,-1.0
KILW3-_load,0.1,KILW3-,,,0.0,-1.0
KYPE3-_load,0.1,KYPE3-,,,0.0,-1.0
LEVE3-_load,0.1,LEVE3-,,,0.0,-1.0
LING3-_load,0.1,LING3-,,,0.0,-1.0
LINM3-_load,0.1,LINM3-,,,0.0,-1.0
MAYB3-_load,0.1,MAYB3-,,,0.0,-1.0
KENE3-_load,0.1,KENE3-,,,0.0,-1.0
MIDM3-_load,0.1,MIDM3-,,,0.0,-1.0
MOSH5J_load,0.1,MOSH5J,,,0.0,-1.0
MOSH5K_load,0.1,MOSH5K,,,0.0,-1.0
MOSM3Q_load,0.1,MOSM3Q,,,0.0,-1.0
MOSM3R_load,0.1,MOSM3R,,,0.0,-1.0
NEAR3-_load,0.1,NEAR3-,,,0.0,-1.0
NETS3-_load,0.1,NETS3-,,,0.0,-1.0
PAIS3-_load,0.1,PAIS3-,,,0.0,-1.0
PART3-_load,0.1,PART3-,,,0.0,-1.0
POOB3-_load,0.1,POOB3-,,,0.0,-1.0
PORD3-_load,0.1,PORD3-,,,0.0,-1.0
REDH3-_load,0.1,REDH3-,,,0.0,-1.0
SACO3J_load,0.1,SACO3J,,,0.0,-1.0
SACO3K_load,0.1,SACO3K,,,0.0,-1.0
SANX3-_load,0.1,SANX3-,,,0.0,-1.0
SHRU3A_load,0.1,SHRU3A,,,0.0,-1.0
SHRU3B_load,0.1,SHRU3B,,,0.0,-1.0
SIGH3A_load,0.1,SIGH3A,,,0.0,-1.0
SPAV3-_load,0.1,SPAV3-,,,0.0,-1.0
STHA3-_load,0.1,STHA3-,,,0.0,-1.0
STIR3-_load,0.1,STIR3-,,,0.0,-1.0
STLE3S_load,0.1,STLE3S,,,0.0,-1.0
TELR3-_load,0.1,TELR3-,,,0.0,-1.0
TONG1R_load,0.1,TONG1R,,,0.0,-1.0
TONG3-_load,0.1,TONG3-,,,0.0,-1.0
TONG5-_load,0.1,TONG5-,,,0.0,-1.0
AIKE3A_load,0.1,AIKE3A,,,0.0,-1.0
AIKE3B_load,0.1,AIKE3B,,,0.0,-1.0
WFIE3-_load,0.1,WFIE3-,,,0.0,-1.0
WGEO3-_load,0.1,WGEO3-,,,0.0,-1.0
WHHO3-_load,0.1,WHHO3-,,,0.0,-1.0
WHTL3-_load,0.1,WHTL3-,,,0.0,-1.0
WISH3-_load,0.1,WISH3-,,,0.0,-1.0
WISH3S_load,0.1,WISH3S,,,0.0,-1.0
WISH3T_load,0.1,WISH3T,,,0.0,-1.0
WLEE3A_load,0.1,WLEE3A,,,0.0,-1.0
WLEE3B_load,0.1,WLEE3B,,,0.0,-1.0
WLEE3C_load,0.1,WLEE3C,,,0.0,-1.0
WLEX3A_load,0.1,WLEX3A,,,0.0,-1.0
WLEX3B_load,0.1,WLEX3B,,,0.0,-1.0
WLEX3C_load,0.1,WLEX3C,,,0.0,-1.0
ABHA11_load,0.1,ABHA11,,,0.0,-1.0
ABHA12_load,0.1,ABHA12,,,0.0,-1.0
ABTH11_load,0.1,ABTH11,,,0.0,-1.0
ABTH12_load,0.1,ABTH12,,,0.0,-1.0
ABTH13_load,0.1,ABTH13,,,0.0,-1.0
ALDW31_load,0.1,ALDW31,,,0.0,-1.0
ALDW32_load,0.1,ALDW32,,,0.0,-1.0
ALVE11_load,0.1,ALVE11,,,0.0,-1.0
AMEM11_load,0.1,AMEM11,,,0.0,-1.0
AXMI11_load,0.1,AXMI11,,,0.0,-1.0
BARK11_load,0.1,BARK11,,,0.0,-1.0
BARW31_load,0.1,BARW31,,,0.0,-1.0
BARW32_load,0.1,BARW32,,,0.0,-1.0
BEDD11_load,0.1,BEDD11,,,0.0,-1.0
BEDD12_load,0.1,BEDD12,,,0.0,-1.0
BEDT1A_load,0.1,BEDT1A,,,0.0,-1.0
BEDT1B_load,0.1,BEDT1B,,,0.0,-1.0
BESW11_load,0.1,BESW11,,,0.0,-1.0
BESW12_load,0.1,BESW12,,,0.0,-1.0
BICF11_load,0.1,BICF11,,,0.0,-1.0
BIRK11_load,0.1,BIRK11,,,0.0,-1.0
BISW11_load,0.1,BISW11,,,0.0,-1.0
BLYT1A_load,0.1,BLYT1A,,,0.0,-1.0
BLYT1B_load,0.1,BLYT1B,,,0.0,-1.0
BLYT61_load,0.1,BLYT61,,,0.0,-1.0
SASA11_load,0.1,SASA11,,,0.0,-1.0
BOLN11_load,0.1,BOLN11,,,0.0,-1.0
BOLN12_load,0.1,BOLN12,,,0.0,-1.0
BOTW11_load,0.1,BOTW11,,,0.0,-1.0
BRAI11_load,0.1,BRAI11,,,0.0,-1.0
BRAW11_load,0.1,BRAW11,,,0.0,-1.0
BRAW12_load,0.1,BRAW12,,,0.0,-1.0
BRED11_load,0.1,BRED11,,,0.0,-1.0
BRFO11_load,0.1,BRFO11,,,0.0,-1.0
BRFO12_load,0.1,BRFO12,,,0.0,-1.0
BRIM11_load,0.1,BRIM11,,,0.0,-1.0
BRLE11_load,0.1,BRLE11,,,0.0,-1.0
BRLE12_load,0.1,BRLE12,,,0.0,-1.0
BRLE13_load,0.1,BRLE13,,,0.0,-1.0
BRLE14_load,0.1,BRLE14,,,0.0,-1.0
BRLE1A_load,0.1,BRLE1A,,,0.0,-1.0
BRLE1B_load,0.1,BRLE1B,,,0.0,-1.0
BRWA11_load,0.1,BRWA11,,,0.0,-1.0
BURW11_load,0.1,BURW11,,,0.0,-1.0
BUSH11_load,0.1,BUSH11,,,0.0,-1.0
BUST11_load,0.1,BUST11,,,0.0,-1.0
CANT13_load,0.1,CANT13,,,0.0,-1.0
CANT14_load,0.1,CANT14,,,0.0,-1.0
CAPE11_load,0.1,CAPE11,,,0.0,-1.0
CARE11_load,0.1,CARE11,,,0.0,-1.0
CARR11_load,0.1,CARR11,,,0.0,-1.0
CARR12_load,0.1,CARR12,,,0.0,-1.0
CELL11_load,0.1,CELL11,,,0.0,-1.0
CELL12_load,0.1,CELL12,,,0.0,-1.0
CHIC11_load,0.1,CHIC11,,,0.0,-1.0
CHSI11_load,0.1,CHSI11,,,0.0,-1.0
CHSI1A_load,0.1,CHSI1A,,,0.0,-1.0
CHSI1B_load,0.1,CHSI1B,,,0.0,-1.0
CHTE11_load,0.1,CHTE11,,,0.0,-1.0
CHTE12_load,0.1,CHTE12,,,0.0,-1.0
CITR11_load,0.1,CITR11,,,0.0,-1.0
CITR12_load,0.1,CITR12,,,0.0,-1.0
CONQ11_load,0.1,CONQ11,,,0.0,-1.0
CONQ12_load,0.1,CONQ12,,,0.0,-1.0
CONQ13_load,0.1,CONQ13,,,0.0,-1.0
COVE11_load,0.1,COVE11,,,0.0,-1.0
COVE12_load,0.1,COVE12,,,0.0,-1.0
COWL11_load,0.1,COWL11,,,0.0,-1.0
COWL12_load,0.1,COWL12,,,0.0,-1.0
CREB11_load,0.1,CREB11,,,0.0,-1.0
CREB12_load,0.1,CREB12,,,0.0,-1.0
CREB21_load,0.1,CREB21,,,0.0,-1.0
CREB22_load,0.1,CREB22,,,0.0,-1.0
MILP31_load,0.1,MILP31,,,0.0,-1.0
DRAK11_load,0.1,DRAK11,,,0.0,-1.0
DRAX11_load,0.1,DRAX11,,,0.0,-1.0
CAML61_load,0.1,CAML61,,,0.0,-1.0
DUNG21_load,0.1,DUNG21,,,0.0,-1.0
EALI61_load,0.1,EALI61,,,0.0,-1.0
EASO12_load,0.1,EASO12,,,0.0,-1.0
LITB11_load,0.1,LITB11,,,0.0,-1.0
EASO11_load,0.1,EASO11,,,0.0,-1.0
ECLA11_load,0.1,ECLA11,,,0.0,-1.0
ECLA12_load,0.1,ECLA12,,,0.0,-1.0
ELLA11_load,0.1,ELLA11,,,0.0,-1.0
ELLA12_load,0.1,ELLA12,,,0.0,-1.0
ELST13_load,0.1,ELST13,,,0.0,-1.0
ELST11_load,0.1,ELST11,,,0.0,-1.0
ENDE11_load,0.1,ENDE11,,,0.0,-1.0
EXET11_load,0.1,EXET11,,,0.0,-1.0
FAWL11_load,0.1,FAWL11,,,0.0,-1.0
FECK61_load,0.1,FECK61,,,0.0,-1.0
FERR11_load,0.1,FERR11,,,0.0,-1.0
FERR61_load,0.1,FERR61,,,0.0,-1.0
FIDF11_load,0.1,FIDF11,,,0.0,-1.0
FIDF12_load,0.1,FIDF12,,,0.0,-1.0
FLEE11_load,0.1,FLEE11,,,0.0,-1.0
FLEE12_load,0.1,FLEE12,,,0.0,-1.0
FOUR31_load,0.1,FOUR31,,,0.0,-1.0
FOUR71_load,0.1,FOUR71,,,0.0,-1.0
FROD11_load,0.1,FROD11,,,0.0,-1.0
WEAV71_load,0.1,WEAV71,,,0.0,-1.0
GRAI11_load,0.1,GRAI11,,,0.0,-1.0
GREN11_load,0.1,GREN11,,,0.0,-1.0
GREN12_load,0.1,GREN12,,,0.0,-1.0
GRIW11_load,0.1,GRIW11,,,0.0,-1.0
GRIW12_load,0.1,GRIW12,,,0.0,-1.0
HACK61_load,0.1,HACK61,,,0.0,-1.0
HACK11_load,0.1,HACK11,,,0.0,-1.0
HARK11_load,0.1,HARK11,,,0.0,-1.0
HARK12_load,0.1,HARK12,,,0.0,-1.0
HARM61_load,0.1,HARM61,,,0.0,-1.0
HAWP61_load,0.1,HAWP61,,,0.0,-1.0
HEYS11_load,0.1,HEYS11,,,0.0,-1.0
ISLI11_load,0.1,ISLI11,,,0.0,-1.0
HUMR31_load,0.1,HUMR31,,,0.0,-1.0
HURS1B_load,0.1,HURS1B,,,0.0,-1.0
HURS1C_load,0.1,HURS1C,,,0.0,-1.0
HURS1D_load,0.1,HURS1D,,,0.0,-1.0
HUTT11_load,0.1,HUTT11,,,0.0,-1.0
HUTT71_load,0.1,HUTT71,,,0.0,-1.0
IMPP31_load,0.1,IMPP31,,,0.0,-1.0
INDQ11_load,0.1,INDQ11,,,0.0,-1.0
IRON11_load,0.1,IRON11,,,0.0,-1.0
IRON12_load,0.1,IRON12,,,0.0,-1.0
IRON13_load,0.1,IRON13,,,0.0,-1.0
IVER11_load,0.1,IVER11,,,0.0,-1.0
IVER61_load,0.1,IVER61,,,0.0,-1.0
JORD31_load,0.1,JORD31,,,0.0,-1.0
KEAD11_load,0.1,KEAD11,,,0.0,-1.0
KEAR11_load,0.1,KEAR11,,,0.0,-1.0
KEAR31_load,0.1,KEAR31,,,0.0,-1.0
KEMS11_load,0.1,KEMS11,,,0.0,-1.0
SHEE11_load,0.1,SHEE11,,,0.0,-1.0
KIBY11_load,0.1,KIBY11,,,0.0,-1.0
KINO11_load,0.1,KINO11,,,0.0,-1.0
KIRK11_load,0.1,KIRK11,,,0.0,-1.0
KITW11_load,0.1,KITW11,,,0.0,-1.0
KNAR11_load,0.1,KNAR11,,,0.0,-1.0
GRTO61_load,0.1,GRTO61,,,0.0,-1.0
LACK61_load,0.1,LACK61,,,0.0,-1.0
LALE11_load,0.1,LALE11,,,0.0,-1.0
LAND11_load,0.1,LAND11,,,0.0,-1.0
LEGA11_load,0.1,LEGA11,,,0.0,-1.0
LISD11_load,0.1,LISD11,,,0.0,-1.0
LITT11_load,0.1,LITT11,,,0.0,-1.0
LOVE11_load,0.1,LOVE11,,,0.0,-1.0
LOVE12_load,0.1,LOVE12,,,0.0,-1.0
MACC31_load,0.1,MACC31,,,0.0,-1.0
GRAN61_load,0.1,GRAN61,,,0.0,-1.0
MANN11_load,0.1,MANN11,,,0.0,-1.0
MELK11_load,0.1,MELK11,,,0.0,-1.0
MILH11_load,0.1,MILH11,,,0.0,-1.0
MILH12_load,0.1,MILH12,,,0.0,-1.0
MITY11_load,0.1,MITY11,,,0.0,-1.0
MITY12_load,0.1,MITY12,,,0.0,-1.0
NECH11_load,0.1,NECH11,,,0.0,-1.0
NECH12_load,0.1,NECH12,,,0.0,-1.0
NEEP31_load,0.1,NEEP31,,,0.0,-1.0
NEWX11_load,0.1,NEWX11,,,0.0,-1.0
NEWX61_load,0.1,NEWX61,,,0.0,-1.0
NEWX62_load,0.1,NEWX62,,,0.0,-1.0
NFLE11_load,0.1,NFLE11,,,0.0,-1.0
NFLE12_load,0.1,NFLE12,,,0.0,-1.0
NHYD61_load,0.1,NHYD61,,,0.0,-1.0
NINF11_load,0.1,NINF11,,,0.0,-1.0
NINF12_load,0.1,NINF12,,,0.0,-1.0
NORL31_load,0.1,NORL31,,,0.0,-1.0
NORM1A_load,0.1,NORM1A,,,0.0,-1.0
NORM1B_load,0.1,NORM1B,,,0.0,-1.0
NORT11_load,0.1,NORT11,,,0.0,-1.0
NURS11_load,0.1,NURS11,,,0.0,-1.0
OCKH11_load,0.1,OCKH11,,,0.0,-1.0
OFFE31_load,0.1,OFFE31,,,0.0,-1.0
OFFE32_load,0.1,OFFE32,,,0.0,-1.0
OLDB11_load,0.1,OLDB11,,,0.0,-1.0
OSBA11_load,0.1,OSBA11,,,0.0,-1.0
PADI11_load,0.1,PADI11,,,0.0,-1.0
PELH11_load,0.1,PELH11,,,0.0,-1.0
PELH12_load,0.1,PELH12,,,0.0,-1.0
PEMB11_load,0.1,PEMB11,,,0.0,-1.0
PENN11_load,0.1,PENN11,,,0.0,-1.0
PENT11_load,0.1,PENT11,,,0.0,-1.0
PENW11_load,0.1,PENW11,,,0.0,-1.0
PENE11_load,0.1,PENE11,,,0.0,-1.0
PITS31_load,0.1,PITS31,,,0.0,-1.0
PITS32_load,0.1,PITS32,,,0.0,-1.0
POPP31_load,0.1,POPP31,,,0.0,-1.0
PYLE11_load,0.1,PYLE11,,,0.0,-1.0
RAIN11_load,0.1,RAIN11,,,0.0,-1.0
RAIN12_load,0.1,RAIN12,,,0.0,-1.0
RASS11_load,0.1,RASS11,,,0.0,-1.0
RATS11_load,0.1,RATS11,,,0.0,-1.0
RATS12_load,0.1,RATS12,,,0.0,-1.0
RAYM11_load,0.1,RAYM11,,,0.0,-1.0
REBR32_load,0.1,REBR32,,,0.0,-1.0
REBR31_load,0.1,REBR31,,,0.0,-1.0
RICH11_load,0.1,RICH11,,,0.0,-1.0
ROCH11_load,0.1,ROCH11,,,0.0,-1.0
ROCH12_load,0.1,ROCH12,,,0.0,-1.0
ROCK1A_load,0.1,ROCK1A,,,0.0,-1.0
RUGE11_load,0.1,RUGE11,,,0.0,-1.0
RYEH13_load,0.1,RYEH13,,,0.0,-1.0
RYEH12_load,0.1,RYEH12,,,0.0,-1.0
RYEH11_load,0.1,RYEH11,,,0.0,-1.0
SAEN11_load,0.1,SAEN11,,,0.0,-1.0
SALH11_load,0.1,SALH11,,,0.0,-1.0
SEAB11_load,0.1,SEAB11,,,0.0,-1.0
SELL11_load,0.1,SELL11,,,0.0,-1.0
SELL12_load,0.1,SELL12,,,0.0,-1.0
SELL13_load,0.1,SELL13,,,0.0,-1.0
SHEC31_load,0.1,SHEC31,,,0.0,-1.0
SHRE11_load,0.1,SHRE11,,,0.0,-1.0
LODR61_load,0.1,LODR61,,,0.0,-1.0
SJOW13_load,0.1,SJOW13,,,0.0,-1.0
LODR62_load,0.1,LODR62,,,0.0,-1.0
SJOW11_load,0.1,SJOW11,,,0.0,-1.0
SJOW12_load,0.1,SJOW12,,,0.0,-1.0
SKLG11_load,0.1,SKLG11,,,0.0,-1.0
SMAN11_load,0.1,SMAN11,,,0.0,-1.0
SMAN12_load,0.1,SMAN12,,,0.0,-1.0
SPEN11_load,0.1,SPEN11,,,0.0,-1.0
SSHI31_load,0.1,SSHI31,,,0.0,-1.0
STAH11_load,0.1,STAH11,,,0.0,-1.0
STAL11_load,0.1,STAL11,,,0.0,-1.0
STYC11_load,0.1,STYC11,,,0.0,-1.0
STYC12_load,0.1,STYC12,,,0.0,-1.0
STOB11_load,0.1,STOB11,,,0.0,-1.0
SUND11_load,0.1,SUND11,,,0.0,-1.0
SUND31_load,0.1,SUND31,,,0.0,-1.0
SWAN11_load,0.1,SWAN11,,,0.0,-1.0
SWAN12_load,0.1,SWAN12,,,0.0,-1.0
TAUN11_load,0.1,TAUN11,,,0.0,-1.0
TEMP31_load,0.1,TEMP31,,,0.0,-1.0
THOM61_load,0.1,THOM61,,,0.0,-1.0
THUR61_load,0.1,THUR61,,,0.0,-1.0
TILB11_load,0.1,TILB11,,,0.0,-1.0
TILB12_load,0.1,TILB12,,,0.0,-1.0
TILB13_load,0.1,TILB13,,,0.0,-1.0
TILB14_load,0.1,TILB14,,,0.0,-1.0
TINP31_load,0.1,TINP31,,,0.0,-1.0
TINP32_load,0.1,TINP32,,,0.0,-1.0
TODP61_load,0.1,TODP61,,,0.0,-1.0
TOTT11_load,0.1,TOTT11,,,0.0,-1.0
TOTT12_load,0.1,TOTT12,,,0.0,-1.0
TRAW11_load,0.1,TRAW11,,,0.0,-1.0
TREM31_load,0.1,TREM31,,,0.0,-1.0
TYNE11_load,0.1,TYNE11,,,0.0,-1.0
TYNE51_load,0.1,TYNE51,,,0.0,-1.0
UPPB31_load,0.1,UPPB31,,,0.0,-1.0
UPPB11_load,0.1,UPPB11,,,0.0,-1.0
ALST31_load,0.1,ALST31,,,0.0,-1.0
ALST32_load,0.1,ALST32,,,0.0,-1.0
PORH11_load,0.1,PORH11,,,0.0,-1.0
WALP11_load,0.1,WALP11,,,0.0,-1.0
WARL11_load,0.1,WARL11,,,0.0,-1.0
WASF1A_load,0.1,WASF1A,,,0.0,-1.0
WASF1B_load,0.1,WASF1B,,,0.0,-1.0
WATS11_load,0.1,WATS11,,,0.0,-1.0
WATS12_load,0.1,WATS12,,,0.0,-1.0
WBOL61_load,0.1,WBOL61,,,0.0,-1.0
WBUR11_load,0.1,WBUR11,,,0.0,-1.0
WBUR12_load,0.1,WBUR12,,,0.0,-1.0
WHAM11_load,0.1,WHAM11,,,0.0,-1.0
WHAM12_load,0.1,WHAM12,,,0.0,-1.0
WHGA11_load,0.1,WHGA11,,,0.0,-1.0
WHSO31_load,0.1,WHSO31,,,0.0,-1.0
WHSO32_load,0.1,WHSO32,,,0.0,-1.0
WIBA31_load,0.1,WIBA31,,,0.0,-1.0
WIEN11_load,0.1,WIEN11,,,0.0,-1.0
WILL11_load,0.1,WILL11,,,0.0,-1.0
WILL12_load,0.1,WILL12,,,0.0,-1.0
GRST61_load,0.1,GRST61,,,0.0,-1.0
WIMB11_load,0.1,WIMB11,,,0.0,-1.0
WIMB12_load,0.1,WIMB12,,,0.0,-1.0
WISD11_load,0.1,WISD11,,,0.0,-1.0
WISD61_load,0.1,WISD61,,,0.0,-1.0
WMEL11_load,0.1,WMEL11,,,0.0,-1.0
WMEL12_load,0.1,WMEL12,,,0.0,-1.0
WTHU31_load,0.1,WTHU31,,,0.0,-1.0
WWEY11_load,0.1,WWEY11,,,0.0,-1.0
WWEY12_load,0.1,WWEY12,,,0.0,-1.0
WYMO11_load,0.1,WYMO11,,,0.0,-1.0
BOSW31_load,0.1,BOSW31,,,0.0,-1.0
BEIW31_load,0.1,BEIW31,,,0.0,-1.0
BEIW32_load,0.1,BEIW32,,,0.0,-1.0
BBWW31_load,0.1,BBWW31,,,0.0,-1.0
BBWW32_load,0.1,BBWW32,,,0.0,-1.0
DUDW31_load,0.1,DUDW31,,,0.0,-1.0
DUDW32_load,0.1,DUDW32,,,0.0,-1.0
EAAW61_load,0.1,EAAW61,,,0.0,-1.0
EAAW63_load,0.1,EAAW63,,,0.0,-1.0
EAAW62_load,0.1,EAAW62,,,0.0,-1.0
EAAW64_load,0.1,EAAW64,,,0.0,-1.0
SGRO23_load,0.1,SGRO23,,,0.0,-1.0
SGRW61_load,0.1,SGRW61,,,0.0,-1.0
SGRW62_load,0.1,SGRW62,,,0.0,-1.0
GANW31_load,0.1,GANW31,,,0.0,-1.0
GANW33_load,0.1,GANW33,,,0.0,-1.0
GANW32_load,0.1,GANW32,,,0.0,-1.0
GANW34_load,0.1,GANW34,,,0.0,-1.0
GREG3A_load,0.1,GREG3A,,,0.0,-1.0
GREG3B_load,0.1,GREG3B,,,0.0,-1.0
GREG31_load,0.1,GREG31,,,0.0,-1.0
GREG32_load,0.1,GREG32,,,0.0,-1.0
GREG33_load,0.1,GREG33,,,0.0,-1.0
GREG34_load,0.1,GREG34,,,0.0,-1.0
GREG35_load,0.1,GREG35,,,0.0,-1.0
GREG36_load,0.1,GREG36,,,0.0,-1.0
GUNS31_load,0.1,GUNS31,,,0.0,-1.0
GUNS32_load,0.1,GUNS32,,,0.0,-1.0
GWAW31_load,0.1,GWAW31,,,0.0,-1.0
GWAW32_load,0.1,GWAW32,,,0.0,-1.0
GWBW31_load,0.1,GWBW31,,,0.0,-1.0
GWBW32_load,0.1,GWBW32,,,0.0,-1.0
HOWW3A_load,0.1,HOWW3A,,,0.0,-1.0
HOWW3B_load,0.1,HOWW3B,,,0.0,-1.0
HOWW3C_load,0.1,HOWW3C,,,0.0,-1.0
HOWW6D_load,0.1,HOWW6D,,,0.0,-1.0
HUMW31_load,0.1,HUMW31,,,0.0,-1.0
HUMW32_load,0.1,HUMW32,,,0.0,-1.0
LINS31_load,0.1,LINS31,,,0.0,-1.0
LINS32_load,0.1,LINS32,,,0.0,-1.0
LOAW31_load,0.1,LOAW31,,,0.0,-1.0
LOAW32_load,0.1,LOAW32,,,0.0,-1.0
LOYW31_load,0.1,LOYW31,,,0.0,-1.0
LOAW34_load,0.1,LOAW34,,,0.0,-1.0
MOWE61_load,0.1,MOWE61,,,0.0,-1.0
MOWE62_load,0.1,MOWE62,,,0.0,-1.0
MOWE63_load,0.1,MOWE63,,,0.0,-1.0
ORMW31_load,0.1,ORMW31,,,0.0,-1.0
ORMW32_load,0.1,ORMW32,,,0.0,-1.0
ORMO31_load,0.1,ORMO31,,,0.0,-1.0
RACW31_load,0.1,RACW31,,,0.0,-1.0
RACW32_load,0.1,RACW32,,,0.0,-1.0
RACW33_load,0.1,RACW33,,,0.0,-1.0
RACW34_load,0.1,RACW34,,,0.0,-1.0
RAMW3A_load,0.1,RAMW3A,,,0.0,-1.0
RAMW3B_load,0.1,RAMW3B,,,0.0,-1.0
RORE31_load,0.1,RORE31,,,0.0,-1.0
RORW31_load,0.1,RORW31,,,0.0,-1.0
SSAW31_load,0.1,SSAW31,,,0.0,-1.0
SSAW32_load,0.1,SSAW32,,,0.0,-1.0
SSBW31_load,0.1,SSBW31,,,0.0,-1.0
SSBW32_load,0.1,SSBW32,,,0.0,-1.0
THOW31_load,0.1,THOW31,,,0.0,-1.0
THOW33_load,0.1,THOW33,,,0.0,-1.0
THOW32_load,0.1,THOW32,,,0.0,-1.0
THOW34_load,0.1,THOW34,,,0.0,-1.0
TKNW61_load,0.1,TKNW61,,,0.0,-1.0
TKNE61_load,0.1,TKNE61,,,0.0,-1.0
WAAW31_load,0.1,WAAW31,,,0.0,-1.0
WAAW32_load,0.1,WAAW32,,,0.0,-1.0
WABW31_load,0.1,WABW31,,,0.0,-1.0
WABW32_load,0.1,WABW32,,,0.0,-1.0
WACW31_load,0.1,WACW31,,,0.0,-1.0
WACW32_load,0.1,WACW32,,,0.0,-1.0
WADW31_load,0.1,WADW31,,,0.0,-1.0
WADW32_load,0.1,WADW32,,,0.0,-1.0
WDSW31_load,0.1,WDSW31,,,0.0,-1.0
WDSW32_load,0.1,WDSW32,,,0.0,-1.0
WERW31_load,0.1,WERW31,,,0.0,-1.0
WERW32_load,0.1,WERW32,,,0.0,-1.0
Central DC Substation_load,0.1,Central DC Substation,,,0.0,-1.0
LONO41_load,0.1,LONO41,,,0.0,-1.0
LONO42_load,0.1,LONO42,,,0.0,-1.0
BODE42_load,0.1,BODE42,,,0.0,-1.0
